[
  {
    "id": "ea3da1aa-581f-418c-80c3-e593c65c0099",
    "data": [
      {
        "text": "I want to see basic description of data",
        "userDefined": false
      }
    ],
    "isTemplate": false,
    "count": 0,
    "updated": 0
  },
  {
    "id": "66aa5c70-08b3-4c41-a4d5-64a44a8f15bf",
    "data": [
      {
        "text": "I want basic description of data",
        "userDefined": false
      }
    ],
    "isTemplate": false,
    "count": 0,
    "updated": 0
  },
  {
    "id": "a1f2ae71-ac22-4c62-b871-dd3784763128",
    "data": [
      {
        "text": "Basic description",
        "userDefined": false
      }
    ],
    "isTemplate": false,
    "count": 1,
    "updated": 0
  },
  {
    "id": "3f40618c-5e30-405c-99ef-24fdc3d33a0b",
    "data": [
      {
        "text": "Can you give me basic description of the data?",
        "userDefined": false
      }
    ],
    "isTemplate": false,
    "count": 1,
    "updated": 0
  },
  {
    "id": "3ec38d0a-3baa-4db1-a21d-62dc86891fe4",
    "data": [
      {
        "text": "Basic description data",
        "userDefined": false
      }
    ],
    "isTemplate": false,
    "count": 0,
    "updated": 0
  },
  {
    "id": "1a2c9eed-3ddb-4922-a5a1-c3e416e55ea4",
    "data": [
      {
        "text": "Give me basic description of data",
        "userDefined": false
      }
    ],
    "isTemplate": false,
    "count": 0,
    "updated": 0
  },
  {
    "id": "26ae2579-2633-4332-ab32-ed1da08f0533",
    "data": [
      {
        "text": "give me a basic description",
        "userDefined": false
      }
    ],
    "isTemplate": false,
    "count": 0,
    "updated": 0
  },
  {
    "id": "14b2ca61-a520-41ed-981e-b3bd002e45e1",
    "data": [
      {
        "text": "May I see basic description of data?",
        "userDefined": false
      }
    ],
    "isTemplate": false,
    "count": 0,
    "updated": 0
  }
]