[
  {
    "id": "29d14d09-5dc3-4f6e-a321-3bda0c8669fd",
    "data": [
      {
        "text": "good afternoon",
        "userDefined": false
      }
    ],
    "isTemplate": false,
    "count": 0,
    "updated": 0
  },
  {
    "id": "ebc773f8-8d95-48e8-9147-72fc51f21af9",
    "data": [
      {
        "text": "good evening",
        "userDefined": false
      }
    ],
    "isTemplate": false,
    "count": 0,
    "updated": 0
  },
  {
    "id": "900d311b-40d1-4e02-ac88-1236fffa90a2",
    "data": [
      {
        "text": "good morning",
        "userDefined": false
      }
    ],
    "isTemplate": false,
    "count": 0,
    "updated": 0
  },
  {
    "id": "96ea5254-7db8-46cf-a933-55d137a44055",
    "data": [
      {
        "text": "hi",
        "userDefined": false
      }
    ],
    "isTemplate": false,
    "count": 0,
    "updated": 0
  },
  {
    "id": "c7d1499c-5f0f-451c-b721-1f753f551300",
    "data": [
      {
        "text": "hello",
        "userDefined": false
      }
    ],
    "isTemplate": false,
    "count": 0,
    "updated": 0
  },
  {
    "id": "1aca9d80-ec37-4312-be76-4a074067a923",
    "data": [
      {
        "text": "/start",
        "userDefined": false
      }
    ],
    "isTemplate": false,
    "count": 2,
    "updated": 0
  }
]