[
  {
    "id": "f907aa79-5cbc-4851-ab0f-c8fa3167d519",
    "data": [
      {
        "text": "Can you plot the ",
        "userDefined": false
      },
      {
        "text": "average age",
        "alias": "CompositeTest",
        "meta": "@CompositeTest",
        "userDefined": false
      },
      {
        "text": " by ",
        "userDefined": false
      },
      {
        "text": "income",
        "alias": "Attribute",
        "meta": "@Attribute",
        "userDefined": false
      },
      {
        "text": "?",
        "userDefined": false
      }
    ],
    "isTemplate": false,
    "count": 0,
    "updated": 0
  },
  {
    "id": "d249db63-27ed-4139-8c0e-c3157ee9df8b",
    "data": [
      {
        "text": "Can you plot the ",
        "userDefined": false
      },
      {
        "text": "average income",
        "alias": "CompositeTest",
        "meta": "@CompositeTest",
        "userDefined": false
      },
      {
        "text": " by ",
        "userDefined": false
      },
      {
        "text": "age",
        "alias": "Attribute",
        "meta": "@Attribute",
        "userDefined": false
      },
      {
        "text": "?",
        "userDefined": false
      }
    ],
    "isTemplate": false,
    "count": 0,
    "updated": 0
  },
  {
    "id": "bf02ce3d-abf8-49b7-a1fa-a79815222ee1",
    "data": [
      {
        "text": "plot a @Chart:Chart with @CompositeTest:CompositeTest by @Attribute:Attribute",
        "userDefined": false
      }
    ],
    "isTemplate": true,
    "count": 0,
    "updated": 0
  },
  {
    "id": "07a02ed4-ed2e-40de-88c1-7c5dd2b0a04b",
    "data": [
      {
        "text": "Can I plot @CompositeTest:CompositeTest  by @Attribute:Attribute",
        "userDefined": false
      }
    ],
    "isTemplate": true,
    "count": 0,
    "updated": 0
  },
  {
    "id": "e0bc36fa-d846-47d7-9062-3d197d2d940d",
    "data": [
      {
        "text": "Plot the @CompositeTest:CompositeTest by @Attribute:Attribute",
        "userDefined": false
      }
    ],
    "isTemplate": true,
    "count": 1,
    "updated": 0
  },
  {
    "id": "ea0c3689-36c9-4853-9804-4919102fe380",
    "data": [
      {
        "text": "Can you plot a @Chart:Chart with the @CompositeTest:CompositeTest by @Attribute:Attribute",
        "userDefined": false
      }
    ],
    "isTemplate": true,
    "count": 0,
    "updated": 0
  },
  {
    "id": "48da59e9-8726-471f-83b2-872d79860e0f",
    "data": [
      {
        "text": "Can you plot a @Chart:Chart containing the @CompositeTest:CompositeTest by @Attribute:Attribute",
        "userDefined": false
      }
    ],
    "isTemplate": true,
    "count": 0,
    "updated": 0
  },
  {
    "id": "43e1516f-df1a-4b97-8b44-887625f0ffd6",
    "data": [
      {
        "text": "can you plot the ",
        "userDefined": false
      },
      {
        "text": "average income",
        "alias": "CompositeTest",
        "meta": "@CompositeTest",
        "userDefined": false
      },
      {
        "text": " by ",
        "userDefined": false
      },
      {
        "text": "age",
        "alias": "Attribute",
        "meta": "@Attribute",
        "userDefined": false
      }
    ],
    "isTemplate": false,
    "count": 0,
    "updated": 0
  },
  {
    "id": "681fcb1f-e377-40b7-851e-caf4ccd739e4",
    "data": [
      {
        "text": "Can you plot the @CompositeTest:CompositeTest by @Attribute:Attribute",
        "userDefined": false
      }
    ],
    "isTemplate": true,
    "count": 0,
    "updated": 0
  },
  {
    "id": "40ffe805-5c91-43b9-8adc-2d726b78d5f3",
    "data": [
      {
        "text": "plot a ",
        "userDefined": false
      },
      {
        "text": "boxplot",
        "alias": "Chart",
        "meta": "@Chart",
        "userDefined": true
      },
      {
        "text": " with ",
        "userDefined": false
      },
      {
        "text": "average",
        "alias": "CompositeTest",
        "meta": "@CompositeTest",
        "userDefined": true
      },
      {
        "text": " seplen by ",
        "userDefined": false
      },
      {
        "text": "class",
        "alias": "Attribute",
        "meta": "@Attribute",
        "userDefined": false
      }
    ],
    "isTemplate": false,
    "count": 0,
    "updated": 0
  }
]