[
  {
    "id": "53c1eb4c-4684-4602-b32e-e00c02e1a2bd",
    "data": [
      {
        "text": "change ",
        "userDefined": false
      },
      {
        "text": "chart1",
        "alias": "OldChartName",
        "meta": "@ChartName",
        "userDefined": false
      },
      {
        "text": " title to ",
        "userDefined": false
      },
      {
        "text": "ciao",
        "alias": "ChartName",
        "meta": "@ChartName",
        "userDefined": true
      }
    ],
    "isTemplate": false,
    "count": 1,
    "updated": 0
  },
  {
    "id": "574951b5-4d9a-4b03-ab9e-6a6595aad761",
    "data": [
      {
        "text": "I want to use @ChartName:ChartName as title for @ChartName:OldChartName",
        "userDefined": false
      }
    ],
    "isTemplate": true,
    "count": 0,
    "updated": 0
  },
  {
    "id": "58c86ef8-e1d6-4bc7-8224-7b3c039415e3",
    "data": [
      {
        "text": "change @ChartName:OldChartName title to @ChartName:ChartName",
        "userDefined": false
      }
    ],
    "isTemplate": true,
    "count": 0,
    "updated": 0
  },
  {
    "id": "7c7c58d1-0541-4265-9e90-957a5156a465",
    "data": [
      {
        "text": "I want to use ",
        "userDefined": false
      },
      {
        "text": "average seplen by class",
        "alias": "ChartName",
        "meta": "@ChartName",
        "userDefined": true
      },
      {
        "text": " as title for ",
        "userDefined": false
      },
      {
        "text": "chart1",
        "alias": "OldChartName",
        "meta": "@ChartName",
        "userDefined": true
      }
    ],
    "isTemplate": false,
    "count": 0,
    "updated": 0
  },
  {
    "id": "8d27682f-00fc-49eb-8890-53d19d8b08eb",
    "data": [
      {
        "text": "change ",
        "userDefined": false
      },
      {
        "text": "chart1",
        "alias": "OldChartName",
        "meta": "@ChartName",
        "userDefined": true
      },
      {
        "text": " title to ",
        "userDefined": false
      },
      {
        "text": "average seplen by class",
        "alias": "ChartName",
        "meta": "@ChartName",
        "userDefined": true
      }
    ],
    "isTemplate": false,
    "count": 0,
    "updated": 0
  }
]