[
  {
    "value": "average seplen by class",
    "synonyms": [
      "average seplen by class"
    ]
  },
  {
    "value": "chart1",
    "synonyms": [
      "chart1"
    ]
  },
  {
    "value": "chart10",
    "synonyms": [
      "chart10"
    ]
  },
  {
    "value": "chart2",
    "synonyms": [
      "chart2"
    ]
  },
  {
    "value": "chart3",
    "synonyms": [
      "chart3"
    ]
  },
  {
    "value": "chart4",
    "synonyms": [
      "chart4"
    ]
  },
  {
    "value": "chart5",
    "synonyms": [
      "chart5"
    ]
  },
  {
    "value": "chart6",
    "synonyms": [
      "chart6"
    ]
  },
  {
    "value": "chart7",
    "synonyms": [
      "chart7"
    ]
  },
  {
    "value": "chart8",
    "synonyms": [
      "chart8"
    ]
  },
  {
    "value": "chart9",
    "synonyms": [
      "chart9"
    ]
  }
]