[
  {
    "value": "@Operator:Operator  @sys.number-integer:number-integer",
    "synonyms": [
      "@Operator:Operator  @sys.number-integer:number-integer"
    ]
  },
  {
    "value": "@sys.number-integer:number-integer and @Operator:Operator",
    "synonyms": [
      "@sys.number-integer:number-integer and @Operator:Operator"
    ]
  },
  {
    "value": "@sys.number-integer:number-integer1  to @sys.number-integer:number-integer2 ",
    "synonyms": [
      "@sys.number-integer:number-integer1  to @sys.number-integer:number-integer2 "
    ]
  }
]